"Id","QLink","QuestionStatus","label_question_phase","label_question_phase_2nd","label_background_type","label_background_type_2nd"
43305882,"https://stackoverflow.com/questions/43305882","accepted","MD","MD","DOC","DOC"
43489912,"https://stackoverflow.com/questions/43489912","closed","ME","others","ML","ML"
43555221,"https://stackoverflow.com/questions/43555221","accepted","MF","MF","ML","ML"
44086209,"https://stackoverflow.com/questions/44086209","no-accepted-answer","MT","MF","ML","ML"
44134021,"https://stackoverflow.com/questions/44134021","no-accepted-answer","DP","others","DOC","DOC"
44160030,"https://stackoverflow.com/questions/44160030","no-accepted-answer","MT","MT","ML","ML"
44184099,"https://stackoverflow.com/questions/44184099","no-accepted-answer","MD","MD","DOC","ML DOC"
44242122,"https://stackoverflow.com/questions/44242122","no-accepted-answer","MT","MT","DOC","ML DOC"
48001759,"https://stackoverflow.com/questions/48001759","accepted","DP","DP","DOC","DOC"
49921204,"https://stackoverflow.com/questions/49921204","accepted","MF","MF","ML","ML"
33183557,"https://stackoverflow.com/questions/33183557","no-accepted-answer","DP","DP","DOC","DOC"
33463492,"https://stackoverflow.com/questions/33463492","accepted","DP","DP","DOC","DOC"
33582436,"https://stackoverflow.com/questions/33582436","no-accepted-answer","ME","ME","DOC","DOC"
37432229,"https://stackoverflow.com/questions/37432229","no-accepted-answer","DP","DP","DOC","DOC"
37572355,"https://stackoverflow.com/questions/37572355","accepted","DP","ME","DOC","DOC"
47307866,"https://stackoverflow.com/questions/47307866","accepted","MT","MF","DOC","DOC"
47430467,"https://stackoverflow.com/questions/47430467","no-accepted-answer","MD","DP","DOC","DOC"
48417979,"https://stackoverflow.com/questions/48417979","accepted","MD","others","DOC","DOC"
49104612,"https://stackoverflow.com/questions/49104612","accepted usersolved","MF","ME","ML","ML"
49555438,"https://stackoverflow.com/questions/49555438","no-accepted-answer","DP","DP","DOC","ML DOC"
23678835,"https://stackoverflow.com/questions/23678835","accepted","ME","ME","DOC","DOC"
26836729,"https://stackoverflow.com/questions/26836729","accepted","MF","MF","ML","ML"
31612074,"https://stackoverflow.com/questions/31612074","no-accepted-answer","MD","MD","DOC","DOC"
33017053,"https://stackoverflow.com/questions/33017053","accepted","ME","ME","ML","DOC"
35129424,"https://stackoverflow.com/questions/35129424","no-accepted-answer","ME","ME","ML","ML"
35842598,"https://stackoverflow.com/questions/35842598","accepted","DP","DP","DOC","DOC"
35930950,"https://stackoverflow.com/questions/35930950","accepted","DP","DP","DOC","DOC"
36631868,"https://stackoverflow.com/questions/36631868","no-accepted-answer","MT","MT","DOC","DOC"
36938556,"https://stackoverflow.com/questions/36938556","no-accepted-answer","ME","ME","ML","ML"
39379792,"https://stackoverflow.com/questions/39379792","accepted","MD","MD","DOC","DOC"
34092606,"https://stackoverflow.com/questions/34092606","accepted","DP","DP","DOC","DOC"
41360096,"https://stackoverflow.com/questions/41360096","accepted","ME","ME","ML","DOC"
43030502,"https://stackoverflow.com/questions/43030502","accepted","ME","ME","DOC","DOC"
43559322,"https://stackoverflow.com/questions/43559322","duplicate","PD","others","DOC","DOC"
43585056,"https://stackoverflow.com/questions/43585056","no-accepted-answer","MD","MD","ML","DOC"
43681295,"https://stackoverflow.com/questions/43681295","accepted","MT","MT","DOC","DOC"
43999951,"https://stackoverflow.com/questions/43999951","accepted","DP","others","DOC","DOC"
44377554,"https://stackoverflow.com/questions/44377554","no-accepted-answer","DP","DP","ML","DOC"
44682845,"https://stackoverflow.com/questions/44682845","accepted","MD","MD","DOC","DOC"
44778876,"https://stackoverflow.com/questions/44778876","accepted","MF","MF","DOC","DOC"
44892810,"https://stackoverflow.com/questions/44892810","accepted","MD","others","ML","DOC"
45446236,"https://stackoverflow.com/questions/45446236","accepted","MD","MD","ML","DOC"
47394731,"https://stackoverflow.com/questions/47394731","accepted","DP","DP","DOC","DOC"
47431777,"https://stackoverflow.com/questions/47431777","accepted","MT","MF","DOC","DOC"
49364346,"https://stackoverflow.com/questions/49364346","no-accepted-answer","DP","DP","ML","DOC"
50137369,"https://stackoverflow.com/questions/50137369","no-accepted-answer","ME","ME","DOC","DOC"
50391080,"https://stackoverflow.com/questions/50391080","no-accepted-answer","others","others","ML","DOC"
50620483,"https://stackoverflow.com/questions/50620483","no-accepted-answer","MT","MT","DOC","DOC"
38372188,"https://stackoverflow.com/questions/38372188","accepted","MD","DP","DOC","DOC"
39064684,"https://stackoverflow.com/questions/39064684","accepted","MT","MF","DOC","DOC"
39207524,"https://stackoverflow.com/questions/39207524","accepted","MF","PD","ML","ML"
39208679,"https://stackoverflow.com/questions/39208679","accepted","MF","others","DOC","DOC"
39211339,"https://stackoverflow.com/questions/39211339","accepted","DP","DP","DOC","DOC"
39234697,"https://stackoverflow.com/questions/39234697","accepted","ME","ME","DOC","DOC"
40197998,"https://stackoverflow.com/questions/40197998","accepted","MF","MF","DOC","DOC"
40214675,"https://stackoverflow.com/questions/40214675","no-accepted-answer","MF","MT","DOC","DOC"
40216872,"https://stackoverflow.com/questions/40216872","no-accepted-answer","MF","ME","ML","ML"
41697617,"https://stackoverflow.com/questions/41697617","accepted","MF","ME","ML","ML"
44292719,"https://stackoverflow.com/questions/44292719","accepted","ME","others","ML","ML"
45572313,"https://stackoverflow.com/questions/45572313","accepted","MT","MT","ML","ML"
45690619,"https://stackoverflow.com/questions/45690619","accepted","DP","DP","ML","DOC"
45960069,"https://stackoverflow.com/questions/45960069","accepted","ME","ME","ML","ML DOC"
45978809,"https://stackoverflow.com/questions/45978809","accepted","ME","ME","DOC","DOC"
46003374,"https://stackoverflow.com/questions/46003374","accepted","ME","ME","DOC","DOC"
46810120,"https://stackoverflow.com/questions/46810120","accepted usersolved","ME","ME","ML","ML"
42102174,"https://stackoverflow.com/questions/42102174","accepted","DP","DP","DOC","DOC"
42407277,"https://stackoverflow.com/questions/42407277","no-accepted-answer","DP","DP","ML","DOC"
42427540,"https://stackoverflow.com/questions/42427540","accepted","DP","DP","DOC","DOC"
42599336,"https://stackoverflow.com/questions/42599336","no-accepted-answer","MD","MD","ML","ML"
42929478,"https://stackoverflow.com/questions/42929478","no-accepted-answer","ME","ME","DOC","DOC"
42934036,"https://stackoverflow.com/questions/42934036","accepted","MD","MD","ML","ML"
43176056,"https://stackoverflow.com/questions/43176056","no-accepted-answer","MF","MF","ML","ML"
43903859,"https://stackoverflow.com/questions/43903859","accepted","MF","MF","ML","ML"
45038024,"https://stackoverflow.com/questions/45038024","accepted usersolved","ME","ME","DOC","DOC"
49857979,"https://stackoverflow.com/questions/49857979","accepted","MD","MD","DOC","DOC"
42487109,"https://stackoverflow.com/questions/42487109","accepted","PD","PD","DOC","DOC"
42487255,"https://stackoverflow.com/questions/42487255","accepted","DP","DP","DOC","DOC"
42487614,"https://stackoverflow.com/questions/42487614","accepted","DP","DP","ML","ML"
42513183,"https://stackoverflow.com/questions/42513183","no-accepted-answer","MT","MT","ML","ML"
42559763,"https://stackoverflow.com/questions/42559763","accepted","ME","ME","ML","DOC"
42627607,"https://stackoverflow.com/questions/42627607","accepted","DP","DP","DOC","DOC"
42647029,"https://stackoverflow.com/questions/42647029","no-accepted-answer","MD","MD","ML","DOC"
42833269,"https://stackoverflow.com/questions/42833269","accepted","PD","PD","DOC","DOC"
44463195,"https://stackoverflow.com/questions/44463195","accepted","DP","DP","DOC","DOC"
50297126,"https://stackoverflow.com/questions/50297126","accepted","MT","MT","ML","ML"
42308340,"https://stackoverflow.com/questions/42308340","accepted","ME","ME","DOC","ML"
42319925,"https://stackoverflow.com/questions/42319925","accepted","DP","DP","DOC","DOC"
42569655,"https://stackoverflow.com/questions/42569655","no-accepted-answer","DP","DP","DOC","DOC"
42991196,"https://stackoverflow.com/questions/42991196","accepted","MF","MF","ML","ML"
43098207,"https://stackoverflow.com/questions/43098207","no-accepted-answer","DP","DP","DOC","DOC"
43421250,"https://stackoverflow.com/questions/43421250","accepted","MD","MD","DOC","DOC"
45150652,"https://stackoverflow.com/questions/45150652","accepted","MT","MT","DOC","DOC"
45703590,"https://stackoverflow.com/questions/45703590","no-accepted-answer","DP","DP","DOC","DOC"
46206915,"https://stackoverflow.com/questions/46206915","no-accepted-answer","ME","ME","ML","ML"
47040009,"https://stackoverflow.com/questions/47040009","no-accepted-answer","ME","ME","DOC","DOC"
49137471,"https://stackoverflow.com/questions/49137471","no-accepted-answer","DP","DP","DOC","DOC"
49946040,"https://stackoverflow.com/questions/49946040","no-accepted-answer","MD","MD","DOC","DOC"
50491085,"https://stackoverflow.com/questions/50491085","no-accepted-answer","ME","ME","DOC","DOC"
43670183,"https://stackoverflow.com/questions/43670183","accepted","PD","PD","ML","ML"
43729508,"https://stackoverflow.com/questions/43729508","no-accepted-answer","MF","MF","ML","ML"
43982110,"https://stackoverflow.com/questions/43982110","accepted","PD","PD","ML","DOC"
44504963,"https://stackoverflow.com/questions/44504963","accepted","PD","PD","DOC","DOC"
44802939,"https://stackoverflow.com/questions/44802939","accepted","MT","MT","DOC","DOC"
45069761,"https://stackoverflow.com/questions/45069761","accepted","MF","MF","DOC","DOC"
45461553,"https://stackoverflow.com/questions/45461553","accepted","PD","PD","ML","ML"
45721467,"https://stackoverflow.com/questions/45721467","accepted","ME","ME","DOC","DOC"
45871947,"https://stackoverflow.com/questions/45871947","accepted","MD","MD","DOC","DOC"
46284107,"https://stackoverflow.com/questions/46284107","accepted","MT","MT","DOC","DOC"
48079973,"https://stackoverflow.com/questions/48079973","no-accepted-answer","MF","MF","ML","DOC"
50333374,"https://stackoverflow.com/questions/50333374","accepted","MF","MF","ML","DOC"
41835919,"https://stackoverflow.com/questions/41835919","no-accepted-answer","ME","ME","ML","ML"
42028066,"https://stackoverflow.com/questions/42028066","accepted","DP","DP","DOC","DOC"
42086511,"https://stackoverflow.com/questions/42086511","no-accepted-answer","DP","DP","ML","DOC"
42169421,"https://stackoverflow.com/questions/42169421","no-accepted-answer","DP","DP","DOC","DOC"
42233250,"https://stackoverflow.com/questions/42233250","accepted","DP","DP","ML","DOC"
42676761,"https://stackoverflow.com/questions/42676761","no-accepted-answer","ME","ME","ML","ML"
43477293,"https://stackoverflow.com/questions/43477293","accepted","MF","MF","ML","ML"
43663795,"https://stackoverflow.com/questions/43663795","accepted","MD","MD","ML","DOC"
43792991,"https://stackoverflow.com/questions/43792991","no-accepted-answer","MD","MD","ML","ML"
44168283,"https://stackoverflow.com/questions/44168283","no-accepted-answer","MD","MD","ML","ML DOC"
44654049,"https://stackoverflow.com/questions/44654049","accepted","MF","MF","ML","ML"
44808125,"https://stackoverflow.com/questions/44808125","no-accepted-answer","DP","DP","ML","ML DOC"
44889580,"https://stackoverflow.com/questions/44889580","no-accepted-answer","ME","MD","DOC","DOC"
2907919,"https://stackoverflow.com/questions/2907919","accepted","MT","MT","DOC","DOC"
2940644,"https://stackoverflow.com/questions/2940644","no-accepted-answer","MD","MD","DOC","DOC"
2978286,"https://stackoverflow.com/questions/2978286","no-accepted-answer","ME","ME","DOC","DOC"
2982929,"https://stackoverflow.com/questions/2982929","accepted","ME","ME","DOC","DOC"
2985135,"https://stackoverflow.com/questions/2985135","no-accepted-answer","PD","PD","DOC","DOC"
15534287,"https://stackoverflow.com/questions/15534287","no-accepted-answer","PD","PD","DOC","DOC"
15931192,"https://stackoverflow.com/questions/15931192","accepted","MF","MF","DOC","DOC"
15931261,"https://stackoverflow.com/questions/15931261","accepted","DP","DP","DOC","DOC"
15951711,"https://stackoverflow.com/questions/15951711","accepted","MF","MF","DOC","DOC"
17391771,"https://stackoverflow.com/questions/17391771","no-accepted-answer","ME","ME","ML","ML"
17860120,"https://stackoverflow.com/questions/17860120","accepted","ME","ME","DOC","DOC"
17924828,"https://stackoverflow.com/questions/17924828","no-accepted-answer","ME","ME","ML","ML DOC"
18167335,"https://stackoverflow.com/questions/18167335","accepted","ME","ME","DOC","DOC"
18551645,"https://stackoverflow.com/questions/18551645","accepted","MD","MD","DOC","DOC"
22465861,"https://stackoverflow.com/questions/22465861","accepted","ME","ME","DOC","DOC"
22466933,"https://stackoverflow.com/questions/22466933","accepted","ME","ME","DOC","DOC"
13187900,"https://stackoverflow.com/questions/13187900","accepted","MD","MD","ML","DOC"
14363689,"https://stackoverflow.com/questions/14363689","accepted","MF","others","ML","ML"
14464612,"https://stackoverflow.com/questions/14464612","accepted","MF","MF","ML","ML"
14492933,"https://stackoverflow.com/questions/14492933","accepted","MF","others","ML","ML"
14616900,"https://stackoverflow.com/questions/14616900","no-accepted-answer","MT","MF","ML","ML"
14735801,"https://stackoverflow.com/questions/14735801","accepted","MF","MF","ML","ML"
14762054,"https://stackoverflow.com/questions/14762054","accepted","MF","MF","ML","ML DOC"
15556116,"https://stackoverflow.com/questions/15556116","accepted","MT","MT","ML","ML DOC"
15815156,"https://stackoverflow.com/questions/15815156","no-accepted-answer","MF","MF","ML","ML"
16048561,"https://stackoverflow.com/questions/16048561","accepted usersolved","MD","MD","ML","ML"
20655013,"https://stackoverflow.com/questions/20655013","accepted","MF","others","ML","ML"
20856796,"https://stackoverflow.com/questions/20856796","accepted","MF","ME","ML","ML"
20878484,"https://stackoverflow.com/questions/20878484","no-accepted-answer","PD","PD","DOC","DOC"
23783634,"https://stackoverflow.com/questions/23783634","accepted","ME","ME","DOC","DOC"
23869212,"https://stackoverflow.com/questions/23869212","accepted","MD","MD","DOC","DOC"
23904018,"https://stackoverflow.com/questions/23904018","accepted","MD","MD","DOC","DOC"
23909862,"https://stackoverflow.com/questions/23909862","accepted","DP","DP","DOC","DOC"
23955100,"https://stackoverflow.com/questions/23955100","accepted","DP","DP","DOC","DOC"
37020754,"https://stackoverflow.com/questions/37020754","accepted","ME","ME","ML","ML"
37044600,"https://stackoverflow.com/questions/37044600","accepted","ME","ME","ML","ML"
19855894,"https://stackoverflow.com/questions/19855894","accepted","ME","ME","ML","ML"
20067042,"https://stackoverflow.com/questions/20067042","no-accepted-answer","MF","MF","ML","ML"
20136967,"https://stackoverflow.com/questions/20136967","no-accepted-answer","DP","DP","ML","ML"
20159351,"https://stackoverflow.com/questions/20159351","accepted","ME","ME","ML","ML"
26521424,"https://stackoverflow.com/questions/26521424","no-accepted-answer","ME","ME","ML","ML"
27440709,"https://stackoverflow.com/questions/27440709","accepted","DP","DP","ML","ML"
27957237,"https://stackoverflow.com/questions/27957237","no-accepted-answer","DP","DP","ML","ML"
28046735,"https://stackoverflow.com/questions/28046735","accepted","MF","MF","ML","ML"
28403782,"https://stackoverflow.com/questions/28403782","accepted","MF","MF","ML","ML"
40099695,"https://stackoverflow.com/questions/40099695","no-accepted-answer","MF","MF","ML","ML"
41339900,"https://stackoverflow.com/questions/41339900","no-accepted-answer","DP","DP","ML","DOC"
41820540,"https://stackoverflow.com/questions/41820540","no-accepted-answer","MF","others","ML","ML"
42570604,"https://stackoverflow.com/questions/42570604","no-accepted-answer","DP","DP","ML","ML"
36697297,"https://stackoverflow.com/questions/36697297","no-accepted-answer","ME","ME","DOC","DOC"
43868893,"https://stackoverflow.com/questions/43868893","accepted","DP","DP","DOC","DOC"
44739928,"https://stackoverflow.com/questions/44739928","accepted","MD","MD","DOC","DOC"
45154668,"https://stackoverflow.com/questions/45154668","accepted","MD","MD","DOC","DOC"
45226230,"https://stackoverflow.com/questions/45226230","no-accepted-answer","DP","DP","DOC","DOC"
45314483,"https://stackoverflow.com/questions/45314483","accepted","DP","DP","DOC","DOC"
45366523,"https://stackoverflow.com/questions/45366523","accepted","MT","MT","DOC","DOC"
45383121,"https://stackoverflow.com/questions/45383121","accepted","MT","MT","ML","DOC"
45395798,"https://stackoverflow.com/questions/45395798","no-accepted-answer","MF","MF","ML","ML"
50571493,"https://stackoverflow.com/questions/50571493","accepted","MF","MF","ML","ML"
38635075,"https://stackoverflow.com/questions/38635075","no-accepted-answer","MF","MF","ML","ML"
41466789,"https://stackoverflow.com/questions/41466789","accepted","DP","DP","DOC","DOC"
41563720,"https://stackoverflow.com/questions/41563720","accepted","DP","DP","ML","DOC"
41704617,"https://stackoverflow.com/questions/41704617","accepted","MD","MD","DOC","DOC"
41749398,"https://stackoverflow.com/questions/41749398","accepted","MD","MD","DOC","DOC"
41789961,"https://stackoverflow.com/questions/41789961","accepted","MT","MT","DOC","DOC"
41848315,"https://stackoverflow.com/questions/41848315","accepted","ME","ME","DOC","DOC"
41878035,"https://stackoverflow.com/questions/41878035","accepted","DP","DP","DOC","DOC"
41909369,"https://stackoverflow.com/questions/41909369","accepted","ME","ME","ML","ML"
41939671,"https://stackoverflow.com/questions/41939671","accepted","ME","ME","ML","ML"
42022950,"https://stackoverflow.com/questions/42022950","no-accepted-answer","MF","MF","ML","DOC"
42219857,"https://stackoverflow.com/questions/42219857","no-accepted-answer","MF","MF","DOC","DOC"
42245617,"https://stackoverflow.com/questions/42245617","accepted","MT","MT","DOC","DOC"
42266737,"https://stackoverflow.com/questions/42266737","accepted","MF","MF","DOC","DOC"
44667898,"https://stackoverflow.com/questions/44667898","no-accepted-answer","MT","MT","DOC","DOC"
45994346,"https://stackoverflow.com/questions/45994346","accepted","MD","MD","DOC","DOC"
46515358,"https://stackoverflow.com/questions/46515358","no-accepted-answer","ME","ME","DOC","DOC"
46515682,"https://stackoverflow.com/questions/46515682","no-accepted-answer","MT","MT","DOC","DOC"
49151607,"https://stackoverflow.com/questions/49151607","accepted","MF","MF","DOC","DOC"
49172892,"https://stackoverflow.com/questions/49172892","no-accepted-answer","MF","MF","DOC","DOC"
49488785,"https://stackoverflow.com/questions/49488785","accepted","DP","DP","DOC","DOC"
49489335,"https://stackoverflow.com/questions/49489335","no-accepted-answer","DP","DP","DOC","DOC"
49495540,"https://stackoverflow.com/questions/49495540","no-accepted-answer","DP","DP","DOC","DOC"
49507040,"https://stackoverflow.com/questions/49507040","accepted","DP","DP","DOC","DOC"
49693381,"https://stackoverflow.com/questions/49693381","no-accepted-answer","DP","DP","DOC","DOC"
49704696,"https://stackoverflow.com/questions/49704696","no-accepted-answer","ME","ME","DOC","DOC"
49716320,"https://stackoverflow.com/questions/49716320","no-accepted-answer","PD","DP","DOC","DOC"
50563247,"https://stackoverflow.com/questions/50563247","no-accepted-answer","DP","DP","DOC","DOC"
21931426,"https://stackoverflow.com/questions/21931426","no-accepted-answer","MD","MD","DOC","DOC"
28609735,"https://stackoverflow.com/questions/28609735","no-accepted-answer","ME","ME","DOC","DOC"
31728460,"https://stackoverflow.com/questions/31728460","no-accepted-answer","MD","MD","DOC","DOC"
35837786,"https://stackoverflow.com/questions/35837786","no-accepted-answer","MD","MD","DOC","DOC"
35914587,"https://stackoverflow.com/questions/35914587","closed","MD","MD","DOC","DOC"
38696603,"https://stackoverflow.com/questions/38696603","no-accepted-answer","MF","MF","ML","DOC"
42573628,"https://stackoverflow.com/questions/42573628","accepted","MD","MD","DOC","DOC"
43070656,"https://stackoverflow.com/questions/43070656","no-accepted-answer","MD","MD","DOC","DOC"
43269418,"https://stackoverflow.com/questions/43269418","no-accepted-answer","DP","DP","ML","ML"
43736666,"https://stackoverflow.com/questions/43736666","accepted","DP","DP","ML","DOC"
44342960,"https://stackoverflow.com/questions/44342960","no-accepted-answer","MD","MD","DOC","DOC"
44745033,"https://stackoverflow.com/questions/44745033","no-accepted-answer","MF","MF","DOC","DOC"
21940860,"https://stackoverflow.com/questions/21940860","accepted","MF","MF","ML","ML"
33810990,"https://stackoverflow.com/questions/33810990","accepted","DP","DP","DOC","DOC"
33919948,"https://stackoverflow.com/questions/33919948","accepted","MT","MT","DOC","DOC"
36448347,"https://stackoverflow.com/questions/36448347","no-accepted-answer","MD","MD","DOC","DOC"
36581220,"https://stackoverflow.com/questions/36581220","no-accepted-answer","DP","DP","DOC","DOC"
36603168,"https://stackoverflow.com/questions/36603168","no-accepted-answer","MF","MF","ML","ML"
36692386,"https://stackoverflow.com/questions/36692386","no-accepted-answer","MD","MD","DOC","DOC"
36815038,"https://stackoverflow.com/questions/36815038","accepted","DP","DP","DOC","DOC"
36815506,"https://stackoverflow.com/questions/36815506","no-accepted-answer","MD","MD","DOC","DOC"
36822511,"https://stackoverflow.com/questions/36822511","no-accepted-answer","MD","MD","DOC","DOC"
39492171,"https://stackoverflow.com/questions/39492171","accepted","MD","MD","ML","DOC"
39818859,"https://stackoverflow.com/questions/39818859","accepted","DP","DP","DOC","DOC"
41665109,"https://stackoverflow.com/questions/41665109","accepted","others","others","DOC","DOC"
41685366,"https://stackoverflow.com/questions/41685366","no-accepted-answer","MD","MD","DOC","DOC"
41717943,"https://stackoverflow.com/questions/41717943","no-accepted-answer","MF","MF","ML","ML"
42180906,"https://stackoverflow.com/questions/42180906","accepted","MF","MT","DOC","DOC"
48081020,"https://stackoverflow.com/questions/48081020","accepted","MD","MD","DOC","DOC"
44780863,"https://stackoverflow.com/questions/44780863","accepted","ME","ME","ML","ML"
44882331,"https://stackoverflow.com/questions/44882331","accepted","ME","ME","ML","ML DOC"
45021027,"https://stackoverflow.com/questions/45021027","accepted usersolved","MF","PD","ML","ML"
45090975,"https://stackoverflow.com/questions/45090975","accepted","MF","MF","ML","ML"
45098253,"https://stackoverflow.com/questions/45098253","accepted","ME","ME","DOC","DOC"
45130138,"https://stackoverflow.com/questions/45130138","accepted","ME","ME","DOC","DOC"
45189276,"https://stackoverflow.com/questions/45189276","accepted","ME","ME","DOC","DOC"
45192483,"https://stackoverflow.com/questions/45192483","accepted","DP","DP","ML","ML"
45263063,"https://stackoverflow.com/questions/45263063","accepted","PD","PD","ML","ML"
47130957,"https://stackoverflow.com/questions/47130957","accepted","ME","ME","ML","ML"
48681109,"https://stackoverflow.com/questions/48681109","accepted","DP","DP","DOC","DOC"
48683558,"https://stackoverflow.com/questions/48683558","no-accepted-answer","ME","ME","DOC","ML DOC"
49075305,"https://stackoverflow.com/questions/49075305","no-accepted-answer","MF","MF","ML","ML"
49347878,"https://stackoverflow.com/questions/49347878","accepted usersolved","DP","DP","ML","ML"
49357417,"https://stackoverflow.com/questions/49357417","accepted","MF","others","DOC","DOC"
49736700,"https://stackoverflow.com/questions/49736700","accepted","DP","DP","DOC","DOC"
50514783,"https://stackoverflow.com/questions/50514783","accepted","ME","ME","DOC","DOC"
50606139,"https://stackoverflow.com/questions/50606139","accepted","MF","MF","DOC","DOC"
34233767,"https://stackoverflow.com/questions/34233767","no-accepted-answer","MT","MT","DOC","DOC"
35471900,"https://stackoverflow.com/questions/35471900","no-accepted-answer","MT","MD","DOC","DOC"
35491844,"https://stackoverflow.com/questions/35491844","no-accepted-answer","MT","MT","DOC","DOC"
35567132,"https://stackoverflow.com/questions/35567132","no-accepted-answer","MT","ME","ML DOC","ML DOC"
36877559,"https://stackoverflow.com/questions/36877559","no-accepted-answer","MF","MF","DOC","DOC"
36950299,"https://stackoverflow.com/questions/36950299","no-accepted-answer","MD","MD","DOC","DOC"
37177262,"https://stackoverflow.com/questions/37177262","no-accepted-answer","MD","MD","DOC","DOC"
38065448,"https://stackoverflow.com/questions/38065448","no-accepted-answer","MF","MD","DOC","DOC"
39260059,"https://stackoverflow.com/questions/39260059","no-accepted-answer","MF","MF","DOC","DOC"
43036201,"https://stackoverflow.com/questions/43036201","no-accepted-answer","MD","MD","DOC","DOC"
43084960,"https://stackoverflow.com/questions/43084960","accepted","others","others","DOC","DOC"
43103763,"https://stackoverflow.com/questions/43103763","no-accepted-answer","others","others","DOC","DOC"
43104992,"https://stackoverflow.com/questions/43104992","no-accepted-answer","others","others","DOC","DOC"
43147435,"https://stackoverflow.com/questions/43147435","accepted","MT","MD","DOC","DOC"
43150671,"https://stackoverflow.com/questions/43150671","no-accepted-answer","MD","MD","DOC","DOC"
45495615,"https://stackoverflow.com/questions/45495615","no-accepted-answer","others","others","DOC","DOC"
46615342,"https://stackoverflow.com/questions/46615342","no-accepted-answer","MD","MD","DOC","DOC"
46626879,"https://stackoverflow.com/questions/46626879","no-accepted-answer","others","others","DOC","DOC"
32677152,"https://stackoverflow.com/questions/32677152","accepted","DP","DP","ML","ML DOC"
33122759,"https://stackoverflow.com/questions/33122759","accepted","DP","DP","ML","ML"
38822125,"https://stackoverflow.com/questions/38822125","no-accepted-answer","MD","MD","DOC","DOC"
39391753,"https://stackoverflow.com/questions/39391753","accepted","MD","MD","ML","ML"
39688927,"https://stackoverflow.com/questions/39688927","no-accepted-answer","PD","PD","ML","ML"
40339530,"https://stackoverflow.com/questions/40339530","no-accepted-answer","ME","ME","ML","ML"
40590699,"https://stackoverflow.com/questions/40590699","no-accepted-answer","others","others","DOC","DOC"
41462711,"https://stackoverflow.com/questions/41462711","accepted","ME","ME","DOC","DOC"
44746507,"https://stackoverflow.com/questions/44746507","accepted","ME","ME","DOC","DOC"
44909134,"https://stackoverflow.com/questions/44909134","accepted","MT","MT","ML","ML"
44935473,"https://stackoverflow.com/questions/44935473","no-accepted-answer","PD","PD","ML","ML"
45265436,"https://stackoverflow.com/questions/45265436","accepted","ME","ME","ML","DOC"
45479239,"https://stackoverflow.com/questions/45479239","accepted","DP","DP","DOC","DOC"
45545109,"https://stackoverflow.com/questions/45545109","accepted","ME","ME","ML","ML"
46177721,"https://stackoverflow.com/questions/46177721","accepted","others","others","ML","ML"
48259511,"https://stackoverflow.com/questions/48259511","accepted","DP","DP","ML","ML"
49096281,"https://stackoverflow.com/questions/49096281","accepted","DP","DP","ML","ML"
49407153,"https://stackoverflow.com/questions/49407153","accepted","ME","ME","DOC","DOC"
44161072,"https://stackoverflow.com/questions/44161072","accepted","others","others","DOC","DOC"
44405776,"https://stackoverflow.com/questions/44405776","no-accepted-answer","MD","MD","DOC","DOC"
44439122,"https://stackoverflow.com/questions/44439122","accepted","MD","MD","DOC","DOC"
44498996,"https://stackoverflow.com/questions/44498996","no-accepted-answer","MD","MD","DOC","DOC"
44779851,"https://stackoverflow.com/questions/44779851","accepted","DP","DP","DOC","DOC"
44825074,"https://stackoverflow.com/questions/44825074","no-accepted-answer","ME","ME","DOC","DOC"
45026934,"https://stackoverflow.com/questions/45026934","accepted","MF","MF","DOC","DOC"
48213272,"https://stackoverflow.com/questions/48213272","accepted","DP","DP","DOC","DOC"
48680607,"https://stackoverflow.com/questions/48680607","no-accepted-answer","others","others","DOC","DOC"
49263886,"https://stackoverflow.com/questions/49263886","no-accepted-answer","MD","MD","DOC","DOC"
49622677,"https://stackoverflow.com/questions/49622677","no-accepted-answer","DP","DP","DOC","DOC"
17324105,"https://stackoverflow.com/questions/17324105","no-accepted-answer","ME","ME","ML","ML"
18110215,"https://stackoverflow.com/questions/18110215","no-accepted-answer","MT","MT","ML","ML"
33531535,"https://stackoverflow.com/questions/33531535","accepted","MF","MF","ML","ML"
34034174,"https://stackoverflow.com/questions/34034174","no-accepted-answer","MF","others","ML","ML"
34351098,"https://stackoverflow.com/questions/34351098","no-accepted-answer","MD","MD","ML","ML"
37197582,"https://stackoverflow.com/questions/37197582","accepted","DP","DP","ML","ML"
37282233,"https://stackoverflow.com/questions/37282233","accepted","ME","ME","ML","ML"
37642882,"https://stackoverflow.com/questions/37642882","accepted","others","others","ML","ML"
38533924,"https://stackoverflow.com/questions/38533924","no-accepted-answer","MT","MT","ML","ML"
45024733,"https://stackoverflow.com/questions/45024733","no-accepted-answer","DP","DP","DOC","DOC"
41801918,"https://stackoverflow.com/questions/41801918","accepted","MD","MD","ML","ML"
41971793,"https://stackoverflow.com/questions/41971793","accepted","MD","MD","ML","ML"
42289880,"https://stackoverflow.com/questions/42289880","no-accepted-answer","DP","DP","DOC","DOC"
42310081,"https://stackoverflow.com/questions/42310081","no-accepted-answer","MD","MD","ML","DOC"
42550998,"https://stackoverflow.com/questions/42550998","no-accepted-answer","MT","MT","DOC","DOC"
42553650,"https://stackoverflow.com/questions/42553650","no-accepted-answer","MF","MF","ML","ML DOC"
42778274,"https://stackoverflow.com/questions/42778274","accepted","MF","MF","DOC","DOC"
42966393,"https://stackoverflow.com/questions/42966393","no-accepted-answer","ME","ME","ML","ML"
42998307,"https://stackoverflow.com/questions/42998307","no-accepted-answer","ME","ME","ML","ML"
43111875,"https://stackoverflow.com/questions/43111875","no-accepted-answer","others","others","DOC","DOC"
43115964,"https://stackoverflow.com/questions/43115964","no-accepted-answer","ME","ME","ML","ML"
43268065,"https://stackoverflow.com/questions/43268065","accepted","PD","PD","DOC","DOC"
43277889,"https://stackoverflow.com/questions/43277889","no-accepted-answer","MD","MD","DOC","DOC"
43290562,"https://stackoverflow.com/questions/43290562","no-accepted-answer","MD","MD","DOC","DOC"
43324357,"https://stackoverflow.com/questions/43324357","no-accepted-answer","MD","MD","DOC","DOC"
43339366,"https://stackoverflow.com/questions/43339366","no-accepted-answer","ME","ME","ML","ML"
43993276,"https://stackoverflow.com/questions/43993276","accepted","MT","MT","DOC","DOC"
44014551,"https://stackoverflow.com/questions/44014551","no-accepted-answer","MD","MD","ML","DOC"
44256908,"https://stackoverflow.com/questions/44256908","no-accepted-answer","DP","ME","ML","DOC"
44283166,"https://stackoverflow.com/questions/44283166","accepted","MT","MT","ML","ML"
44322543,"https://stackoverflow.com/questions/44322543","accepted","DP","DP","ML","ML"
44353559,"https://stackoverflow.com/questions/44353559","no-accepted-answer","MT","MT","ML","ML"
44361612,"https://stackoverflow.com/questions/44361612","accepted","MT","MT","DOC","DOC"
44365189,"https://stackoverflow.com/questions/44365189","accepted","PD","PD","DOC","DOC"
44481060,"https://stackoverflow.com/questions/44481060","no-accepted-answer","MT","MT","DOC","DOC"
44512126,"https://stackoverflow.com/questions/44512126","accepted","ME","ME","ML","ML"
45328839,"https://stackoverflow.com/questions/45328839","no-accepted-answer","MT","MT","ML","ML"
45427620,"https://stackoverflow.com/questions/45427620","no-accepted-answer","MT","MT","ML","ML"
45477168,"https://stackoverflow.com/questions/45477168","no-accepted-answer","MF","MF","DOC","DOC"
45519402,"https://stackoverflow.com/questions/45519402","no-accepted-answer","MF","MF","DOC","DOC"
45594399,"https://stackoverflow.com/questions/45594399","no-accepted-answer","MF","MF","ML","ML"
46047376,"https://stackoverflow.com/questions/46047376","no-accepted-answer","DP","DP","DOC","DOC"
46280783,"https://stackoverflow.com/questions/46280783","no-accepted-answer","DP","DP","DOC","DOC"
41675772,"https://stackoverflow.com/questions/41675772","accepted","MD","MD","ML","ML"
41778632,"https://stackoverflow.com/questions/41778632","accepted","DP","DP","ML","ML"
42066661,"https://stackoverflow.com/questions/42066661","no-accepted-answer","MF","others","ML","ML"
42172489,"https://stackoverflow.com/questions/42172489","accepted","MD","MD","ML","ML"
43092454,"https://stackoverflow.com/questions/43092454","accepted","MD","MD","ML","ML"
43117869,"https://stackoverflow.com/questions/43117869","accepted","DP","DP","ML","ML"
43302199,"https://stackoverflow.com/questions/43302199","no-accepted-answer","MD","MD","ML","ML"
43369714,"https://stackoverflow.com/questions/43369714","accepted","MD","MD","ML","ML"
43371117,"https://stackoverflow.com/questions/43371117","accepted","MD","MD","ML","ML"
48014729,"https://stackoverflow.com/questions/48014729","no-accepted-answer","MT","MT","ML","ML"
38246725,"https://stackoverflow.com/questions/38246725","accepted","MD","MD","ML","ML"
44703333,"https://stackoverflow.com/questions/44703333","accepted","DP","DP","ML","ML"
44788133,"https://stackoverflow.com/questions/44788133","accepted","DP","DP","ML","ML"
44934230,"https://stackoverflow.com/questions/44934230","accepted","ME","ME","DOC","DOC"
44951240,"https://stackoverflow.com/questions/44951240","accepted","MD","MD","DOC","DOC"
44974203,"https://stackoverflow.com/questions/44974203","accepted","MD","MD","DOC","DOC"
44975922,"https://stackoverflow.com/questions/44975922","accepted","MD","MD","DOC","DOC"
45194954,"https://stackoverflow.com/questions/45194954","accepted","MF","MF","DOC","DOC"
48287080,"https://stackoverflow.com/questions/48287080","no-accepted-answer","DP","DP","DOC","DOC"
48511018,"https://stackoverflow.com/questions/48511018","no-accepted-answer","MT","MT","DOC","DOC"
49699739,"https://stackoverflow.com/questions/49699739","accepted","ME","ME","ML","ML"
31304386,"https://stackoverflow.com/questions/31304386","no-accepted-answer","ME","ME","ML","ML"
38641104,"https://stackoverflow.com/questions/38641104","accepted","MD","MD","ML","ML"
38705166,"https://stackoverflow.com/questions/38705166","no-accepted-answer","MT","MT","ML","ML"
38837519,"https://stackoverflow.com/questions/38837519","no-accepted-answer","DP","DP","DOC","DOC"
39292076,"https://stackoverflow.com/questions/39292076","no-accepted-answer","DP","DP","DOC","DOC"
40264622,"https://stackoverflow.com/questions/40264622","no-accepted-answer","DP","DP","DOC","DOC"
40281849,"https://stackoverflow.com/questions/40281849","no-accepted-answer","DP","DP","DOC","DOC"
45554590,"https://stackoverflow.com/questions/45554590","no-accepted-answer","MD","MD","ML","ML"
48349536,"https://stackoverflow.com/questions/48349536","no-accepted-answer","DP","DP","DOC","DOC"
48910253,"https://stackoverflow.com/questions/48910253","no-accepted-answer","DP","DP","DOC","DOC"
49178891,"https://stackoverflow.com/questions/49178891","accepted","DP","DP","ML","ML"
49195219,"https://stackoverflow.com/questions/49195219","no-accepted-answer","DP","DP","ML","ML"
49493444,"https://stackoverflow.com/questions/49493444","accepted","DP","DP","DOC","DOC"
46698796,"https://stackoverflow.com/questions/46698796","no-accepted-answer","MD","MD","ML","ML"
47744335,"https://stackoverflow.com/questions/47744335","no-accepted-answer","MT","MT","ML","DOC"
48451225,"https://stackoverflow.com/questions/48451225","no-accepted-answer","ME","MD","DOC","DOC"
48720197,"https://stackoverflow.com/questions/48720197","no-accepted-answer","MD","MD","DOC","DOC"
48732563,"https://stackoverflow.com/questions/48732563","accepted","MD","MD","ML","ML"
48751402,"https://stackoverflow.com/questions/48751402","no-accepted-answer","ME","ME","ML","ML"
48771961,"https://stackoverflow.com/questions/48771961","accepted","MD","MD","ML","ML"
44297731,"https://stackoverflow.com/questions/44297731","no-accepted-answer","MD","MD","DOC","DOC"
44730729,"https://stackoverflow.com/questions/44730729","no-accepted-answer","MT","MT","DOC","DOC"
44857282,"https://stackoverflow.com/questions/44857282","no-accepted-answer","MF","MF","DOC","DOC"
44962286,"https://stackoverflow.com/questions/44962286","no-accepted-answer","DP","DP","ML","ML"
45610796,"https://stackoverflow.com/questions/45610796","no-accepted-answer","PD","PD","ML","ML"
47578414,"https://stackoverflow.com/questions/47578414","no-accepted-answer","DP","DP","ML","ML"
48862451,"https://stackoverflow.com/questions/48862451","no-accepted-answer","MD","MD","ML","ML"
49496403,"https://stackoverflow.com/questions/49496403","no-accepted-answer","DP","DP","ML","ML"
26195156,"https://stackoverflow.com/questions/26195156","no-accepted-answer","DP","DP","DOC","DOC"
33763428,"https://stackoverflow.com/questions/33763428","no-accepted-answer","DP","DP","ML","ML"
34864084,"https://stackoverflow.com/questions/34864084","no-accepted-answer","PD","PD","ML","ML"
35399715,"https://stackoverflow.com/questions/35399715","accepted","DP","DP","ML","ML"
35425479,"https://stackoverflow.com/questions/35425479","no-accepted-answer","MD","MD","ML","ML"
35932825,"https://stackoverflow.com/questions/35932825","accepted","DP","DP","ML","ML"
37065306,"https://stackoverflow.com/questions/37065306","no-accepted-answer","MD","MD","ML","ML"
47625766,"https://stackoverflow.com/questions/47625766","no-accepted-answer","MT","MT","ML","ML"
49314440,"https://stackoverflow.com/questions/49314440","accepted","MT","MT","DOC","DOC"
50537651,"https://stackoverflow.com/questions/50537651","no-accepted-answer","MT","MT","DOC","DOC"
44594249,"https://stackoverflow.com/questions/44594249","accepted","DP","DP","DOC","DOC"
44596270,"https://stackoverflow.com/questions/44596270","no-accepted-answer","PD","PD","DOC","DOC"
44853509,"https://stackoverflow.com/questions/44853509","accepted","DP","DP","DOC","DOC"
44892218,"https://stackoverflow.com/questions/44892218","accepted","DP","DP","DOC","DOC"
45122703,"https://stackoverflow.com/questions/45122703","accepted","ME","ME","ML","ML"
46026264,"https://stackoverflow.com/questions/46026264","no-accepted-answer","MD","MD","DOC","DOC"
46257103,"https://stackoverflow.com/questions/46257103","no-accepted-answer","DP","DP","DOC","DOC"
46265536,"https://stackoverflow.com/questions/46265536","no-accepted-answer","DP","DP","DOC","DOC"
46269795,"https://stackoverflow.com/questions/46269795","accepted","DP","DP","DOC","DOC"
48101897,"https://stackoverflow.com/questions/48101897","accepted","DP","DP","DOC","DOC"
48121950,"https://stackoverflow.com/questions/48121950","accepted","DP","DP","DOC","DOC"
50260495,"https://stackoverflow.com/questions/50260495","no-accepted-answer","MD","MD","DOC","DOC"
39099783,"https://stackoverflow.com/questions/39099783","no-accepted-answer","others","others","DOC","DOC"
40462524,"https://stackoverflow.com/questions/40462524","accepted","ME","ME","ML","ML"
40468983,"https://stackoverflow.com/questions/40468983","accepted","ME","ME","ML","ML"
40888514,"https://stackoverflow.com/questions/40888514","accepted","MD","MD","ML","ML"
44131741,"https://stackoverflow.com/questions/44131741","accepted","PD","PD","DOC","DOC"
15524077,"https://stackoverflow.com/questions/15524077","accepted","PD","PD","DOC","DOC"
24752655,"https://stackoverflow.com/questions/24752655","accepted","MD","MD","DOC","DOC"
25159498,"https://stackoverflow.com/questions/25159498","accepted","DP","DP","DOC","DOC"
27632440,"https://stackoverflow.com/questions/27632440","accepted","MD","MD","DOC","DOC"
32177764,"https://stackoverflow.com/questions/32177764","accepted","MF","MF","DOC","DOC"
34549743,"https://stackoverflow.com/questions/34549743","accepted","MD","MD","DOC","DOC"
36526959,"https://stackoverflow.com/questions/36526959","accepted","MD","MD","DOC","DOC"
40480827,"https://stackoverflow.com/questions/40480827","accepted","MF","MF","ML","ML"
40510706,"https://stackoverflow.com/questions/40510706","accepted","ME","ME","DOC","DOC"
41269570,"https://stackoverflow.com/questions/41269570","accepted","MF","MF","ML","ML"
41344168,"https://stackoverflow.com/questions/41344168","accepted","MD","MD","DOC","DOC"
41490526,"https://stackoverflow.com/questions/41490526","accepted","others","others","DOC","DOC"
41578532,"https://stackoverflow.com/questions/41578532","accepted","MD","MD","DOC","DOC"
41608242,"https://stackoverflow.com/questions/41608242","accepted","MD","MD","DOC","DOC"
45483604,"https://stackoverflow.com/questions/45483604","accepted","MD","MD","DOC","DOC"
48802603,"https://stackoverflow.com/questions/48802603","no-accepted-answer","MD","MD","DOC","DOC"
44181664,"https://stackoverflow.com/questions/44181664","accepted","DP","DP","DOC","DOC"
44356314,"https://stackoverflow.com/questions/44356314","no-accepted-answer","others","others","DOC","DOC"
44391042,"https://stackoverflow.com/questions/44391042","no-accepted-answer","MD","MD","DOC","DOC"
44409251,"https://stackoverflow.com/questions/44409251","accepted","MD","MD","DOC","DOC"
44411574,"https://stackoverflow.com/questions/44411574","accepted","MD","MD","DOC","DOC"
44452136,"https://stackoverflow.com/questions/44452136","accepted","others","others","DOC","DOC"
44497276,"https://stackoverflow.com/questions/44497276","no-accepted-answer","others","others","DOC","DOC"
44523060,"https://stackoverflow.com/questions/44523060","accepted","MD","MD","DOC","DOC"
44544766,"https://stackoverflow.com/questions/44544766","accepted","others","others","DOC","DOC"
45897578,"https://stackoverflow.com/questions/45897578","no-accepted-answer","MT","ME","ML","ML"
42955746,"https://stackoverflow.com/questions/42955746","accepted","MD","MD","DOC","DOC"
43003369,"https://stackoverflow.com/questions/43003369","accepted","MD","MD","DOC","DOC"
43087832,"https://stackoverflow.com/questions/43087832","no-accepted-answer","MD","MD","DOC","DOC"
43116803,"https://stackoverflow.com/questions/43116803","no-accepted-answer","DP","DP","ML","ML"
43179378,"https://stackoverflow.com/questions/43179378","accepted","MD","MD","DOC","DOC"
43201007,"https://stackoverflow.com/questions/43201007","no-accepted-answer","MT","MT","ML","ML"
43342433,"https://stackoverflow.com/questions/43342433","no-accepted-answer","MF","others","DOC","DOC"
43345925,"https://stackoverflow.com/questions/43345925","no-accepted-answer","MD","MD","ML","ML"
43394137,"https://stackoverflow.com/questions/43394137","no-accepted-answer","others","others","DOC","DOC"
43674830,"https://stackoverflow.com/questions/43674830","no-accepted-answer","others","others","DOC","DOC"
43679634,"https://stackoverflow.com/questions/43679634","no-accepted-answer","others","others","DOC","DOC"
43891262,"https://stackoverflow.com/questions/43891262","no-accepted-answer","MD","MD","ML","ML"
44109590,"https://stackoverflow.com/questions/44109590","no-accepted-answer","MD","MD","DOC","DOC"
44286759,"https://stackoverflow.com/questions/44286759","no-accepted-answer","DP","DP","DOC","DOC"
47746646,"https://stackoverflow.com/questions/47746646","no-accepted-answer","others","others","DOC","DOC"
47747228,"https://stackoverflow.com/questions/47747228","no-accepted-answer","MT","MT","ML","ML"
47747602,"https://stackoverflow.com/questions/47747602","no-accepted-answer","MT","MT","DOC","DOC"
47765595,"https://stackoverflow.com/questions/47765595","accepted","others","others","DOC","DOC"
47774994,"https://stackoverflow.com/questions/47774994","no-accepted-answer","others","others","DOC","DOC"
47806239,"https://stackoverflow.com/questions/47806239","no-accepted-answer","MD","MD","DOC","DOC"
47965256,"https://stackoverflow.com/questions/47965256","accepted","DP","DP","DOC","DOC"
47982521,"https://stackoverflow.com/questions/47982521","no-accepted-answer","MD","MD","DOC","DOC"
47985209,"https://stackoverflow.com/questions/47985209","no-accepted-answer","MF","MF","DOC","DOC"
47985308,"https://stackoverflow.com/questions/47985308","no-accepted-answer","PD","ME","DOC","DOC"
47986662,"https://stackoverflow.com/questions/47986662","no-accepted-answer","others","others","DOC","DOC"
47987202,"https://stackoverflow.com/questions/47987202","accepted","MF","MF","DOC","DOC"
48001598,"https://stackoverflow.com/questions/48001598","no-accepted-answer","MF","MF","DOC","DOC"
48356421,"https://stackoverflow.com/questions/48356421","accepted","PD","PD","ML","ML"
49247335,"https://stackoverflow.com/questions/49247335","no-accepted-answer","MD","MD","ML","ML"
49254875,"https://stackoverflow.com/questions/49254875","closed","MD","MD","DOC","DOC"
49268139,"https://stackoverflow.com/questions/49268139","no-accepted-answer","MF","others","DOC","DOC"
13210280,"https://stackoverflow.com/questions/13210280","no-accepted-answer","MD","MD","DOC","DOC"
13806033,"https://stackoverflow.com/questions/13806033","accepted","MD","MD","ML","ML"
13956435,"https://stackoverflow.com/questions/13956435","accepted","MT","MT","ML","ML"
15548731,"https://stackoverflow.com/questions/15548731","accepted","MT","MT","ML","ML"
15613332,"https://stackoverflow.com/questions/15613332","accepted","MT","MT","ML","ML"
17812754,"https://stackoverflow.com/questions/17812754","no-accepted-answer","ME","ME","ML","ML"
17831267,"https://stackoverflow.com/questions/17831267","no-accepted-answer","MT","MT","ML","ML"
19655674,"https://stackoverflow.com/questions/19655674","no-accepted-answer","ME","ME","ML","ML"
21984940,"https://stackoverflow.com/questions/21984940","accepted","MD","MD","ML","ML"
22712334,"https://stackoverflow.com/questions/22712334","accepted","MD","MD","ML","ML"
23934128,"https://stackoverflow.com/questions/23934128","accepted","others","others","DOC","DOC"
36075319,"https://stackoverflow.com/questions/36075319","accepted","DP","DP","DOC","DOC"
38341649,"https://stackoverflow.com/questions/38341649","accepted","DP","DP","DOC","DOC"
38487040,"https://stackoverflow.com/questions/38487040","no-accepted-answer","MD","MD","DOC","DOC"
38626435,"https://stackoverflow.com/questions/38626435","accepted","MD","MD","DOC","DOC"
38646328,"https://stackoverflow.com/questions/38646328","no-accepted-answer","DP","DP","DOC","DOC"
38648165,"https://stackoverflow.com/questions/38648165","no-accepted-answer","DP","DP","DOC","DOC"
38678371,"https://stackoverflow.com/questions/38678371","accepted","ME","ME","DOC","DOC"
38690186,"https://stackoverflow.com/questions/38690186","accepted","ME","ME","DOC","DOC"
38862694,"https://stackoverflow.com/questions/38862694","accepted","DP","DP","DOC","DOC"
38880654,"https://stackoverflow.com/questions/38880654","accepted","DP","DP","ML","ML"
38936766,"https://stackoverflow.com/questions/38936766","no-accepted-answer","MD","MD","DOC","DOC"
38982034,"https://stackoverflow.com/questions/38982034","no-accepted-answer","MD","MD","DOC","DOC"
40776495,"https://stackoverflow.com/questions/40776495","no-accepted-answer","MD","MD","DOC","DOC"
42579731,"https://stackoverflow.com/questions/42579731","accepted","ME","ME","ML","ML"
43432990,"https://stackoverflow.com/questions/43432990","no-accepted-answer","MT","MT","ML","ML"
42063223,"https://stackoverflow.com/questions/42063223","accepted","MF","MF","ML","ML"
42092508,"https://stackoverflow.com/questions/42063223","accepted","MF","MF","ML","ML"
42225143,"https://stackoverflow.com/questions/42225143","accepted","ME","ME","ML","ML"
42340552,"https://stackoverflow.com/questions/42340552","accepted","MT","MF","DOC","DOC"
42370946,"https://stackoverflow.com/questions/42370946","no-accepted-answer","ME","ME","ML","ML"
42768307,"https://stackoverflow.com/questions/42768307","accepted","ME","ME","ML","ML"
42794415,"https://stackoverflow.com/questions/42794415","no-accepted-answer","MT","MF","ML","ML"
45456112,"https://stackoverflow.com/questions/45456112","accepted","MD","MD","ML","ML"
45516542,"https://stackoverflow.com/questions/45516542","no-accepted-answer","ME","ME","ML","ML"
50390774,"https://stackoverflow.com/questions/50390774","no-accepted-answer","DP","others","ML","ML"
31868018,"https://stackoverflow.com/questions/31868018","no-accepted-answer","MF","MF","ML","ML"
33833818,"https://stackoverflow.com/questions/33833818","accepted","PD","PD","DOC","DOC"
36137636,"https://stackoverflow.com/questions/36137636","accepted","MD","MD","DOC","DOC"
36390767,"https://stackoverflow.com/questions/36390767","no-accepted-answer","others","others","DOC","DOC"
36403865,"https://stackoverflow.com/questions/36403865","no-accepted-answer","others","others","DOC","DOC"
36409874,"https://stackoverflow.com/questions/36409874","no-accepted-answer","others","others","DOC","DOC"
36484408,"https://stackoverflow.com/questions/36484408","accepted","MD","MD","DOC","DOC"
43233169,"https://stackoverflow.com/questions/43233169","accepted","DP","DP","DOC","DOC"
43237124,"https://stackoverflow.com/questions/43237124","accepted","DP","DP","DOC","DOC"
43728781,"https://stackoverflow.com/questions/43728781","accepted","MF","others","ML","ML"
43985082,"https://stackoverflow.com/questions/43985082","accepted","MT","MF","ML","ML"
44660178,"https://stackoverflow.com/questions/44660178","no-accepted-answer","MF","others","ML","ML"
41723117,"https://stackoverflow.com/questions/41723117","accepted","others","others","DOC","DOC"
42670274,"https://stackoverflow.com/questions/42670274","no-accepted-answer","MF","others","DOC","DOC"
42799453,"https://stackoverflow.com/questions/42799453","accepted","others","others","DOC","DOC"
42974627,"https://stackoverflow.com/questions/42974627","accepted","others","others","DOC","DOC"
43016476,"https://stackoverflow.com/questions/43016476","accepted","others","others","DOC","DOC"
43912141,"https://stackoverflow.com/questions/43912141","no-accepted-answer","MD","MD","DOC","DOC"
49835432,"https://stackoverflow.com/questions/49835432","accepted","ME","ME","ML","ML"
49841324,"https://stackoverflow.com/questions/49841324","accepted","MF","MF","DOC","DOC"
49863624,"https://stackoverflow.com/questions/49863624","no-accepted-answer","others","others","DOC","DOC"
49881096,"https://stackoverflow.com/questions/49881096","no-accepted-answer","MD","MD","DOC","DOC"
49889359,"https://stackoverflow.com/questions/49889359","accepted","MF","MF","DOC","DOC"
49538148,"https://stackoverflow.com/questions/49538148","accepted","DP","DP","DOC","DOC"
49735127,"https://stackoverflow.com/questions/49735127","accepted","DP","DP","ML","ML"
49780330,"https://stackoverflow.com/questions/49780330","accepted","DP","DP","DOC","DOC"
50101292,"https://stackoverflow.com/questions/50101292","no-accepted-answer","DP","DP","DOC","DOC"
50101984,"https://stackoverflow.com/questions/50101984","accepted","DP","DP","DOC","DOC"
50152572,"https://stackoverflow.com/questions/50152572","accepted","MD","DP","DOC","DOC"
50159148,"https://stackoverflow.com/questions/50159148","no-accepted-answer","DP","DP","DOC","DOC"
50414480,"https://stackoverflow.com/questions/50414480","no-accepted-answer","MD","DP","DOC","DOC"
50509741,"https://stackoverflow.com/questions/50509741","accepted","MD","MD","DOC","DOC"
50566040,"https://stackoverflow.com/questions/50566040","accepted","MD","ME","DOC","DOC"
45242891,"https://stackoverflow.com/questions/45242891","accepted","DP","DP","DOC","ML"
45291093,"https://stackoverflow.com/questions/45291093","accepted","MD","MD","DOC","DOC"
45332699,"https://stackoverflow.com/questions/45332699","accepted","MF","MF","DOC","DOC"
45380865,"https://stackoverflow.com/questions/45380865","accepted","MD","MD","DOC","DOC"
45492357,"https://stackoverflow.com/questions/45492357","accepted","MD","MD","DOC","DOC"
45512292,"https://stackoverflow.com/questions/45512292","no-accepted-answer","MT","MT","ML","ML"
45892583,"https://stackoverflow.com/questions/45892583","accepted","MD","MD","DOC","DOC"
45900653,"https://stackoverflow.com/questions/45900653","accepted","DP","MD","DOC","DOC"
45968117,"https://stackoverflow.com/questions/45968117","accepted","MT","MF","ML","ML"
46201109,"https://stackoverflow.com/questions/46201109","accepted","DP","MD","DOC","DOC"
45606685,"https://stackoverflow.com/questions/45606685","no-accepted-answer","MT","MF","ML","ML"
49062287,"https://stackoverflow.com/questions/49062287","no-accepted-answer","ME","ME","ML","ML"
49093426,"https://stackoverflow.com/questions/49093426","no-accepted-answer","MF","others","ML","ML"
50160937,"https://stackoverflow.com/questions/50160937","no-accepted-answer","MD","others","DOC","DOC"
50166813,"https://stackoverflow.com/questions/50166813","accepted","MT","MF","DOC","DOC"
50178749,"https://stackoverflow.com/questions/50178749","no-accepted-answer","MT","MF","DOC","ML DOC"
50325281,"https://stackoverflow.com/questions/50325281","accepted","MF","MF","ML","ML"
50482068,"https://stackoverflow.com/questions/50482068","no-accepted-answer","MT","MT","ML","ML"
50492870,"https://stackoverflow.com/questions/50492870","no-accepted-answer","MF","others","ML","ML"
50511168,"https://stackoverflow.com/questions/50511168","no-accepted-answer","MF","others","ML","ML"
40890768,"https://stackoverflow.com/questions/40890768","accepted","MD","MD","DOC","DOC"
40999698,"https://stackoverflow.com/questions/40999698","no-accepted-answer","MD","MD","DOC","DOC"
41128586,"https://stackoverflow.com/questions/41128586","no-accepted-answer","MD","MD","DOC","DOC"
42280894,"https://stackoverflow.com/questions/42280894","no-accepted-answer","MD","MD","DOC","DOC"
42633330,"https://stackoverflow.com/questions/42633330","no-accepted-answer","MD","MD","DOC","DOC"
42703410,"https://stackoverflow.com/questions/42703410","no-accepted-answer","DP","MD","ML","DOC"
42725140,"https://stackoverflow.com/questions/42725140","no-accepted-answer","MD","MD","DOC","DOC"
43741587,"https://stackoverflow.com/questions/43741587","no-accepted-answer","MD","MD","DOC","DOC"
48333200,"https://stackoverflow.com/questions/48333200","no-accepted-answer","MD","MD","DOC","DOC"
17228737,"https://stackoverflow.com/questions/17228737","accepted","MF","others","ML","ML"
17261174,"https://stackoverflow.com/questions/17261174","accepted","ME","others","ML","DOC"
22838403,"https://stackoverflow.com/questions/22838403","no-accepted-answer","MD","MD","DOC","DOC"
23201846,"https://stackoverflow.com/questions/23201846","no-accepted-answer","DP","MD","DOC","DOC"
27558067,"https://stackoverflow.com/questions/27558067","accepted","ME","MD","ML","DOC"
40710169,"https://stackoverflow.com/questions/40710169","accepted","MT","MT","DOC","ML"
43493193,"https://stackoverflow.com/questions/43493193","no-accepted-answer","MD","MD","DOC","DOC"
43498037,"https://stackoverflow.com/questions/43498037","accepted","MF","MF","ML","ML"
43504171,"https://stackoverflow.com/questions/43504171","accepted","MD","MD","DOC","DOC"
45303635,"https://stackoverflow.com/questions/45303635","accepted","MD","ME","DOC","DOC"
45689384,"https://stackoverflow.com/questions/45689384","no-accepted-answer","MD","MD","DOC","DOC"
45732826,"https://stackoverflow.com/questions/45732826","accepted","MD","MD","DOC","DOC"
45837547,"https://stackoverflow.com/questions/45837547","accepted","MF","MF","ML","ML DOC"
46278124,"https://stackoverflow.com/questions/46278124","accepted","MF","MF","ML","DOC"
49772344,"https://stackoverflow.com/questions/49772344","no-accepted-answer","DP","DP","DOC","DOC"
49775557,"https://stackoverflow.com/questions/49775557","no-accepted-answer","DP","MD","DOC","DOC"
49791122,"https://stackoverflow.com/questions/49791122","no-accepted-answer","PD","MD","DOC","DOC"
50004047,"https://stackoverflow.com/questions/50004047","no-accepted-answer","ME","ME","ML","DOC"
50207491,"https://stackoverflow.com/questions/50207491","no-accepted-answer","MD","DP","DOC","DOC"
50291916,"https://stackoverflow.com/questions/50291916","no-accepted-answer","ME","ME","DOC","ML DOC"
50618144,"https://stackoverflow.com/questions/50618144","no-accepted-answer","MD","MD","DOC","DOC"
17696797,"https://stackoverflow.com/questions/17696797","no-accepted-answer","MT","MF","DOC","DOC"
17943638,"https://stackoverflow.com/questions/17943638","no-accepted-answer","ME","ME","ML","DOC"
18165213,"https://stackoverflow.com/questions/18165213","no-accepted-answer","MT","MF","ML","ML DOC"
19312017,"https://stackoverflow.com/questions/19312017","accepted","MT","MF","ML","ML"
32781872,"https://stackoverflow.com/questions/32781872","no-accepted-answer","MD","MD","ML","DOC"
37213534,"https://stackoverflow.com/questions/37213534","no-accepted-answer","DP","DP","DOC","DOC"
37547360,"https://stackoverflow.com/questions/37547360","no-accepted-answer","DP","DP","DOC","DOC"
38078773,"https://stackoverflow.com/questions/38078773","duplicate","PD","DP","DOC","DOC"
47327707,"https://stackoverflow.com/questions/47327707","no-accepted-answer","MD","others","DOC","DOC"
47677106,"https://stackoverflow.com/questions/47677106","no-accepted-answer","DP","others","DOC","DOC"
37596333,"https://stackoverflow.com/questions/37596333","accepted","MD","MD","DOC","DOC"
37712509,"https://stackoverflow.com/questions/37712509","accepted","MD","MD","DOC","DOC"
37729746,"https://stackoverflow.com/questions/37729746","accepted","MD","MD","DOC","DOC"
37732196,"https://stackoverflow.com/questions/37732196","accepted","MD","MD","DOC","DOC"
37736071,"https://stackoverflow.com/questions/37736071","no-accepted-answer","MD","MD","DOC","DOC"
37885014,"https://stackoverflow.com/questions/37885014","no-accepted-answer","ME","ME","DOC","DOC"
38428726,"https://stackoverflow.com/questions/38428726","accepted","MF","others","ML","ML"
38490873,"https://stackoverflow.com/questions/38490873","no-accepted-answer","MD","MD","DOC","DOC"
38924362,"https://stackoverflow.com/questions/38924362","no-accepted-answer","MF","others","ML","ML"
40595691,"https://stackoverflow.com/questions/40595691","no-accepted-answer","DP","DP","DOC","DOC"
30767812,"https://stackoverflow.com/questions/30767812","accepted","MF","others","ML","ML"
44765464,"https://stackoverflow.com/questions/44765464","no-accepted-answer","DP","DP","DOC","DOC"
44768854,"https://stackoverflow.com/questions/44768854","no-accepted-answer","ME","MF","ML","ML"
44813343,"https://stackoverflow.com/questions/44813343","no-accepted-answer","MD","DP","DOC","DOC"
44866794,"https://stackoverflow.com/questions/44866794","no-accepted-answer","MT","MT","DOC","DOC"
44951819,"https://stackoverflow.com/questions/44951819","accepted","MD","DP","DOC","DOC"
44957288,"https://stackoverflow.com/questions/44957288","no-accepted-answer","DP","DP","DOC","DOC"
45062395,"https://stackoverflow.com/questions/45062395","no-accepted-answer","MD","MD","DOC","DOC"
45064382,"https://stackoverflow.com/questions/45064382","no-accepted-answer","DP","DP","DOC","DOC"
45148220,"https://stackoverflow.com/questions/45148220","accepted","MT","MT","ML","DOC"
45308704,"https://stackoverflow.com/questions/45308704","no-accepted-answer","MT","MT","DOC","DOC"
45423839,"https://stackoverflow.com/questions/45423839","accepted","DP","DP","DOC","DOC"
48480570,"https://stackoverflow.com/questions/48480570","no-accepted-answer","MT","MT","DOC","DOC"
48481134,"https://stackoverflow.com/questions/48481134","no-accepted-answer","ME","MT","DOC","ML DOC"
48482440,"https://stackoverflow.com/questions/48482440","no-accepted-answer","MT","MF","ML","ML DOC"
48489339,"https://stackoverflow.com/questions/48489339","no-accepted-answer","DP","DP","DOC","ML DOC"
48876238,"https://stackoverflow.com/questions/48876238","no-accepted-answer","MD","DP","DOC","DOC"
49196650,"https://stackoverflow.com/questions/49196650","no-accepted-answer","DP","MF","DOC","ML DOC"
49201932,"https://stackoverflow.com/questions/49201932","no-accepted-answer","MT","MF","DOC","DOC"
38944238,"https://stackoverflow.com/questions/38944238","accepted","MD","others","DOC","DOC"
40192420,"https://stackoverflow.com/questions/40192420","no-accepted-answer","MF","others","ML","ML DOC"
40194389,"https://stackoverflow.com/questions/40194389","no-accepted-answer","MD","others","DOC","DOC"
40722413,"https://stackoverflow.com/questions/40722413","accepted usersolved","DP","ME","DOC","DOC"
47356764,"https://stackoverflow.com/questions/47356764","no-accepted-answer","DP","MF","DOC","DOC"
47403407,"https://stackoverflow.com/questions/47403407","no-accepted-answer","MD","MD","DOC","DOC"
47896698,"https://stackoverflow.com/questions/47896698","accepted usersolved","MT","MT","DOC","DOC"
48192441,"https://stackoverflow.com/questions/48192441","accepted usersolved","MD","ME","DOC","DOC"
48332318,"https://stackoverflow.com/questions/48332318","no-accepted-answer","MD","ME","DOC","DOC"
